{
    "accuracy": 0.9230769230769231,
    "precision": 0.9156626506024096,
    "recall": 0.9101796407185628,
    "f1_score": 0.9129129129129129
}